"","Player","Team","Position","GP","TOI","Goals","Total Assists","First Assists","Second Assists","Total Points","IPP","Shots","SH%","ixG","iCF","iFF","iSCF","iHDCF","Rush Attempts","Rebounds Created","PIM","Total Penalties","Minor","Major","Misconduct","Penalties Drawn","Giveaways","Takeaways","Hits","Hits Taken","Shots Blocked","Faceoffs Won","Faceoffs Lost","Faceoffs %"
"322","Connor McDavid","EDM","C","56","1240.6","33","72","50","22","105","84.00","200","16.50","23.25","314","257","221","97","8","24","20","10","10","0","0","29","47","36","61","89","24","316","322","49.53"
"285","Leon Draisaitl","EDM","C","56","1242.55","31","53","30","23","84","71.79","168","18.45","20.77","302","229","171","62","6","13","22","11","11","0","0","12","71","56","37","97","12","574","457","55.67"
"41","Brad Marchand","BOS","C, L","53","1002.25","29","40","26","14","69","77.53","143","20.28","17.22","228","182","133","55","8","13","46","23","23","0","0","18","36","42","66","56","11","11","24","31.43"
"346","Mitchell Marner","TOR","R","55","1233.4833333333","20","47","34","13","67","75.28","156","12.82","19.19","295","208","198","60","11","25","20","10","10","0","0","13","69","53","23","52","41","4","1","80.00"
"329","Mikko Rantanen","COL","R","52","1035.7333333333","30","36","18","18","66","70.97","177","16.95","20.42","310","240","174","70","4","20","34","17","17","0","0","18","16","32","26","70","20","32","32","50.00"
"366","Auston Matthews","TOR","C","52","1120.7666666667","41","25","15","10","66","77.65","222","18.47","26.76","366","315","273","125","4","23","10","5","5","0","0","14","53","47","57","65","47","450","417","51.90"
"66","Patrick Kane","CHI","R","55","1221.0333333333","15","50","32","18","65","77.38","187","8.02","15.24","316","235","176","40","6","15","14","7","7","0","0","6","45","32","12","56","14","2","5","28.57"
"262","Nathan MacKinnon","COL","C","48","978.03333333333","20","45","28","17","65","74.71","206","9.71","19.28","374","280","207","56","9","28","37","12","10","1","1","22","29","16","38","51","15","239","254","48.48"
"185","Mark Scheifele","WPG","C","56","1174.95","21","42","20","22","63","81.82","126","16.67","15.94","205","163","133","56","1","18","12","6","6","0","0","14","37","48","31","105","38","352","355","49.79"
"27","Sidney Crosby","PIT","C","55","1121.9","24","38","20","18","62","72.94","159","15.09","18.86","251","208","156","72","7","17","26","13","13","0","0","15","54","51","44","57","28","676","586","53.57"
"159","Mark Stone","VGK","R","55","1048.35","21","40","26","14","61","78.21","98","21.43","15.36","173","145","123","60","4","9","28","10","8","2","0","10","24","58","31","52","33","12","18","40.00"
"181","Jonathan Huberdeau","FLA","L","55","1012.5666666667","20","41","22","19","61","71.76","123","16.26","10.94","190","153","100","36","9","10","36","14","13","0","1","22","43","37","51","50","11","17","22","43.59"
"65","David Perron","STL","L","56","1038.75","19","39","20","19","58","82.86","151","12.58","13.51","288","202","133","32","5","13","22","11","11","0","0","12","32","17","45","34","25","0","6","0.00"
"263","Aleksander Barkov","FLA","C","50","1046.8666666667","26","32","25","7","58","74.36","176","14.77","19.31","261","221","172","72","5","13","14","7","7","0","0","16","23","39","31","81","37","563","463","54.87"
"354","Artemi Panarin","NYR","L","42","825","17","41","25","16","58","84.06","106","16.04","10.46","222","165","115","21","4","13","6","3","3","0","0","9","26","21","13","21","7","0","3","0.00"
"244","Jake Guentzel","PIT","L","56","1134.9666666667","23","34","20","14","57","66.28","141","16.31","19.03","238","184","171","85","8","13","28","14","14","0","0","20","23","17","43","115","32","3","9","25.00"
"330","Sebastian Aho","CAR","C","56","1090.35","24","33","24","9","57","66.28","148","16.22","18.64","251","208","159","71","5","13","32","16","16","0","0","14","61","33","38","51","25","365","327","52.75"
"371","Alex DeBrincat","CHI","L","51","1045.8333333333","32","24","14","10","56","72.73","153","20.92","17.04","262","196","169","60","6","12","12","6","6","0","0","15","43","31","68","87","21","16","24","40.00"
"99","Ryan O'Reilly","STL","C","56","1161.9333333333","24","30","14","16","54","62.07","129","18.60","13.05","185","161","109","47","5","19","18","9","9","0","0","9","24","43","24","38","26","704","492","58.86"
"50","Nicklas Backstrom","WSH","C","55","1022.7166666667","15","38","16","22","53","69.74","91","16.48","10.68","161","126","91","39","5","11","14","7","7","0","0","8","24","33","25","33","27","353","378","48.29"
"180","Gabriel Landeskog","COL","L","54","1077.6833333333","20","32","12","20","52","57.14","155","12.90","20.17","271","219","187","104","6","27","34","17","17","0","0","15","35","16","81","76","28","288","221","56.58"
"15","Joe Pavelski","DAL","C","56","1065.2333333333","25","26","14","12","51","65.38","139","17.99","18.22","242","211","151","86","6","16","16","8","8","0","0","12","20","17","64","45","39","362","334","52.01"
"70","Max Pacioretty","VGK","L","48","861.08333333333","24","27","15","12","51","72.86","174","13.79","16.66","285","231","147","55","9","14","14","7","7","0","0","8","17","15","33","66","29","20","23","46.51"
"357","Kirill Kaprizov","MIN","L","55","1006.3666666667","27","24","17","7","51","78.46","157","17.20","17.16","280","228","160","72","5","15","16","8","8","0","0","25","35","27","29","60","18","3","21","12.50"
"28","Anze Kopitar","L.A","C","56","1186.2333333333","13","37","24","13","50","76.92","118","11.02","12.72","216","162","110","42","4","20","10","5","5","0","0","11","34","12","45","51","37","661","493","57.28"
"101","John Tavares","TOR","C","56","1019.0333333333","19","31","18","13","50","71.43","163","11.66","21.29","278","222","218","102","7","17","14","7","7","0","0","13","55","32","51","81","28","471","381","55.28"
"184","Mika Zibanejad","NYR","C","56","1125.6166666667","24","26","17","9","50","64.94","171","14.04","20.86","316","250","177","77","10","11","18","9","9","0","0","11","45","39","75","53","44","479","555","46.32"
"319","Kyle Connor","WPG","L","56","1050.4","26","24","13","11","50","70.42","166","15.66","17.41","302","228","197","61","6","17","12","6","6","0","0","9","32","37","18","54","18","6","4","60.00"
"103","Evander Kane","S.J","L","56","1131.0333333333","22","27","19","8","49","70.00","194","11.34","20.02","322","255","184","81","10","30","42","21","21","0","0","18","33","30","97","67","22","23","34","40.35"
"165","Johnny Gaudreau","CGY","L","56","1031.15","19","30","22","8","49","74.24","112","16.96","11.97","197","156","112","39","7","5","6","3","3","0","0","18","59","23","8","29","9","0","1","0.00"
"183","Ryan Strome","NYR","C","56","1023.2166666667","14","35","19","16","49","63.64","129","10.85","13.18","211","164","129","57","3","15","39","14","12","1","1","10","32","22","22","56","18","321","422","43.20"
"334","Brock Boeser","VAN","R","56","1081.9","23","26","16","10","49","62.03","141","16.31","16.46","247","195","156","65","9","12","16","7","7","0","0","6","31","16","32","28","20","8","14","36.36"
"13","Patrice Bergeron","BOS","C","54","983.98333333333","23","25","11","14","48","55.17","182","12.64","19.25","298","256","195","83","12","10","16","7","7","0","0","4","14","35","49","34","36","714","433","62.25"
"115","Tyson Barrie","EDM","D","56","1198.2","8","40","13","27","48","50.53","146","5.48","7","291","192","74","11","2","13","10","5","5","0","0","11","43","16","26","79","59","0","0","-"
"243","Pavel Buchnevich","NYR","R","54","1011.5666666667","20","28","17","11","48","78.69","120","16.67","12.88","201","161","109","46","4","14","42","14","11","2","1","15","39","30","49","71","29","4","14","22.22"
"299","David Pastrnak","BOS","R","48","893.66666666667","20","28","21","7","48","73.85","176","11.36","14.3","334","247","149","40","14","17","24","12","12","0","0","22","31","25","35","60","13","2","5","28.57"
"306","Brayden Point","T.B","C","56","1032.4166666667","23","25","12","13","48","65.75","131","17.56","15.93","213","178","159","68","8","12","11","4","3","1","0","21","11","27","23","53","18","257","263","49.42"
"266","Elias Lindholm","CGY","C","56","1114.2","19","28","12","16","47","67.14","130","14.62","14.01","202","157","135","48","4","10","22","11","11","0","0","12","26","30","53","37","34","509","482","51.36"
"367","Adam Fox","NYR","D","55","1358.85","5","42","19","23","47","52.22","102","4.90","6.04","181","139","61","11","2","8","14","7","7","0","0","5","36","38","23","65","102","0","1","0.00"
"18","Blake Wheeler","WPG","R","50","917.03333333333","15","31","20","11","46","79.31","113","13.27","11.27","169","144","113","47","3","5","50","20","19","0","1","10","16","25","63","56","30","3","5","37.50"
"161","Ondrej Palat","T.B","L","55","960.05","15","31","16","15","46","67.65","111","13.51","12.21","189","148","111","42","2","15","26","13","13","0","0","13","17","26","82","60","43","0","6","0.00"
"190","J.T. Miller","VAN","C","53","1111.1666666667","15","31","19","12","46","62.16","106","14.15","12.16","198","159","126","42","1","13","43","20","19","1","0","6","47","29","90","63","24","279","247","53.04"
"289","Nikolaj Ehlers","WPG","L","47","794.03333333333","21","25","10","15","46","80.70","148","14.19","11.32","253","194","132","37","5","12","15","6","5","1","0","21","19","18","26","62","12","1","0","100.00"
"33","Kris Letang","PIT","D","55","1355.6666666667","7","38","26","12","45","46.88","132","5.30","5.91","261","179","70","7","4","19","32","16","16","0","0","8","55","23","92","94","65","0","1","0.00"
"102","Victor Hedman","T.B","D","54","1352.4333333333","9","36","22","14","45","51.14","136","6.62","8.34","316","207","94","11","4","10","28","13","13","0","0","10","28","12","51","69","73","0","0","-"
"335","Mathew Barzal","NYI","C","55","1031","17","28","14","14","45","70.31","134","12.69","14.56","217","173","161","73","7","13","48","19","18","0","1","19","45","28","22","70","13","152","198","43.43"
"405","Jason Robertson","DAL","L","51","861.21666666667","17","28","21","7","45","72.58","128","13.28","10.81","205","158","115","52","4","13","16","8","8","0","0","7","28","19","28","54","13","5","2","71.43"
"23","David Krejci","BOS","C","51","873.91666666667","8","36","24","12","44","73.33","83","9.64","7.82","141","112","73","26","1","11","16","8","8","0","0","5","28","21","25","43","26","321","271","54.22"
"86","John Carlson","WSH","D","52","1236.6666666667","10","34","17","17","44","53.66","128","7.81","8.25","251","191","67","8","2","7","12","6","6","0","0","4","21","24","52","58","69","0","0","-"
"133","Tyler Toffoli","MTL","C, R","52","911.23333333333","28","16","9","7","44","70.97","158","17.72","18.55","265","209","171","65","13","16","24","12","12","0","0","8","31","25","75","51","12","21","33","38.89"
"197","Jonathan Marchessault","VGK","C","55","958.3","18","26","17","9","44","77.19","176","10.23","16.06","331","241","172","49","7","24","39","14","12","1","1","12","22","29","44","60","14","41","47","46.59"
"248","Oliver Bjorkstrand","CBJ","R","56","986.13333333333","18","26","18","8","44","80.00","143","12.59","12.6","237","203","120","43","7","14","23","5","3","1","1","3","26","39","42","94","30","3","4","42.86"
"253","Andre Burakovsky","COL","L","53","799.85","19","25","15","10","44","80.00","102","18.63","9.11","180","133","109","30","8","10","10","5","5","0","0","7","24","16","22","69","16","2","2","50.00"
"411","Cale Makar","COL","D","44","1068.8833333333","8","36","22","14","44","52.38","104","7.69","6.36","225","141","58","14","2","16","12","6","6","0","0","13","21","32","49","41","36","0","0","-"
"30","T.J. Oshie","WSH","R","53","957.38333333333","22","21","13","8","43","60.56","106","20.75","13.4","170","136","120","55","4","11","18","9","9","0","0","12","28","28","70","77","27","139","151","47.93"
"46","Claude Giroux","PHI","C","54","977.7","16","27","15","12","43","63.24","120","13.33","12.14","211","176","108","47","2","12","12","6","6","0","0","16","16","19","32","45","6","484","328","59.61"
"49","Phil Kessel","ARI","R","56","956.9","20","23","9","14","43","81.13","115","17.39","10.7","206","144","113","33","5","16","12","6","6","0","0","3","20","19","8","16","9","1","3","25.00"
"59","James van Riemsdyk","PHI","L","56","926.45","17","26","11","15","43","66.15","132","12.88","13.78","197","169","135","77","5","11","14","7","7","0","0","5","10","20","40","71","16","9","9","50.00"
"71","Jakub Voracek","PHI","R","53","896.6","9","34","18","16","43","71.67","104","8.65","9.95","195","142","104","40","5","13","18","9","9","0","0","20","27","19","17","56","20","7","10","41.18"
"167","Vincent Trocheck","CAR","C","47","856.61666666667","17","26","14","12","43","76.79","123","13.82","15.34","189","167","141","65","9","15","20","10","10","0","0","14","31","17","107","87","28","431","338","56.05"
"212","Tomas Hertl","S.J","C","50","956.78333333333","19","24","13","11","43","82.69","112","16.96","16.54","190","154","135","68","8","14","27","12","11","1","0","12","24","35","39","37","39","485","396","55.05"
"336","Roope Hintz","DAL","L","41","747.51666666667","15","28","19","9","43","72.88","92","16.30","11.16","186","139","122","59","3","11","4","2","2","0","0","6","23","8","52","48","15","231","238","49.25"
"365","Matthew Tkachuk","CGY","L","56","1016.5333333333","16","27","19","8","43","63.24","151","10.60","18.35","262","209","183","103","4","18","55","23","20","3","0","24","61","21","132","60","9","3","4","42.86"
"17","Alex Ovechkin","WSH","L","45","877.58333333333","24","18","11","7","42","60.87","182","13.19","17.33","351","265","144","52","10","16","12","6","6","0","0","13","20","11","98","27","23","0","2","0.00"
"45","Jeff Petry","MTL","D","55","1250.5666666667","12","30","13","17","42","53.85","128","9.38","6.64","259","171","73","17","2","14","20","10","10","0","0","9","75","10","97","93","60","0","0","-"
"154","Bryan Rust","PIT","R","56","1104.55","22","20","10","10","42","50.60","154","14.29","20.46","258","219","181","88","6","10","18","9","9","0","0","10","30","30","62","108","30","3","3","50.00"
"187","Dougie Hamilton","CAR","D","55","1249.7166666667","10","32","16","16","42","46.67","180","5.56","8.89","362","253","107","10","7","20","35","16","15","1","0","4","44","19","52","42","64","0","0","-"
"254","Shea Theodore","VGK","D","53","1194.95","8","34","15","19","42","48.84","161","4.97","8.87","348","223","91","15","4","25","14","7","7","0","0","6","35","25","22","46","43","0","0","-"
"288","William Nylander","TOR","R","51","846.63333333333","17","25","16","9","42","75.00","133","12.78","16.27","217","180","151","68","6","18","16","8","8","0","0","10","41","30","12","67","15","13","10","56.52"
"430","Andrei Svechnikov","CAR","R","55","964.65","15","27","13","14","42","58.33","147","10.20","17.26","288","202","165","73","5","19","42","21","21","0","0","18","45","23","114","93","18","2","4","33.33"
"186","Sean Couturier","PHI","C","45","869.76666666667","18","23","13","10","41","73.21","120","15.00","12.33","206","160","123","52","6","19","8","4","4","0","0","11","14","21","34","60","22","427","323","56.93"
"375","Jakob Chychrun","ARI","D","56","1309.7333333333","18","23","13","10","41","54.67","176","10.23","9.78","355","256","74","20","5","30","42","21","21","0","0","10","36","20","59","71","89","0","0","-"
"404","Nick Suzuki","MTL","C","56","1018.1666666667","15","26","17","9","41","67.21","110","13.64","11.31","204","155","119","46","8","19","26","13","13","0","0","14","41","30","70","82","38","350","446","43.97"
"409","Martin Necas","CAR","C","53","916.45","14","27","17","10","41","75.93","114","12.28","13","188","157","108","47","4","7","10","5","5","0","0","8","49","17","45","76","32","36","42","46.15"
"424","Quinn Hughes","VAN","D","56","1277.05","3","38","20","18","41","62.12","98","3.06","5.16","233","142","57","9","1","9","22","11","11","0","0","7","60","34","18","78","43","0","0","-"
"284","Sam Reinhart","BUF","R","54","1055.1","25","15","8","7","40","70.18","130","19.23","15.4","215","190","119","60","2","11","10","5","5","0","0","7","22","17","15","75","27","126","150","45.65"
"291","Kevin Fiala","MIN","L","50","844.98333333333","20","20","12","8","40","78.43","162","12.35","16.01","290","227","138","48","11","17","43","16","14","1","1","16","45","41","27","53","13","5","10","33.33"
"178","William Karlsson","VGK","C","56","1045.4333333333","14","25","14","11","39","65.00","111","12.61","14.78","198","146","132","66","5","21","4","2","2","0","0","8","15","30","29","81","29","518","441","54.01"
"251","Andrew Copp","WPG","C","55","1003.1333333333","15","24","13","11","39","72.22","114","13.16","14.36","176","145","120","58","9","18","20","10","10","0","0","13","25","22","67","51","41","123","109","53.02"
"270","Bo Horvat","VAN","C","56","1113.8166666667","19","20","9","11","39","57.35","131","14.50","15.34","226","179","162","71","6","9","23","10","9","1","0","10","22","25","64","53","38","648","577","52.90"
"356","Conor Garland","ARI","R","49","878.11666666667","12","27","22","5","39","73.58","135","8.89","12.05","241","185","117","40","6","14","26","13","13","0","0","29","19","34","26","84","19","7","14","33.33"
"47","Jordan Staal","CAR","C","53","979.73333333333","16","22","10","12","38","64.41","103","15.53","14.55","168","144","129","83","1","13","30","15","15","0","0","8","21","15","135","67","24","628","455","57.99"
"422","Joel Farabee","PHI","L","55","881","20","18","12","6","38","74.51","122","16.39","12.84","189","160","114","57","3","19","28","11","9","2","0","11","20","27","48","77","21","6","9","40.00"
"237","Dominik Kubalik","CHI","L","55","851.95","16","21","11","10","37","75.51","151","10.60","13.01","252","185","129","54","9","12","18","9","9","0","0","9","19","11","54","34","16","0","3","0.00"
"97","Mike Hoffman","STL","C","52","783.33333333333","17","19","9","10","36","64.29","113","15.04","7.72","185","138","80","19","2","10","10","5","5","0","0","6","20","21","29","23","12","6","3","66.67"
"104","Brayden Schenn","STL","C","56","1072.0333333333","16","20","15","5","36","56.25","113","14.16","14.58","180","153","122","52","1","9","35","13","10","3","0","8","19","24","119","69","35","319","290","52.38"
"158","John Klingberg","DAL","D","53","1202.8833333333","7","29","13","16","36","50.00","108","6.48","5.29","231","155","54","9","1","14","23","10","9","1","0","12","51","17","49","122","52","0","0","-"
"201","Yanni Gourde","T.B","C","56","956.13333333333","17","19","17","2","36","67.92","118","14.41","15.7","182","151","122","66","4","20","44","15","12","2","1","17","13","18","51","95","21","316","333","48.69"
"239","MacKenzie Weegar","FLA","D","54","1194.2666666667","6","30","13","17","36","53.73","101","5.94","5.47","182","135","53","11","2","13","45","17","15","1","1","13","52","44","118","96","83","0","0","-"
"247","Carter Verhaeghe","FLA","C","43","762.53333333333","18","18","10","8","36","73.47","107","16.82","13.54","173","136","127","61","5","13","31","13","12","1","0","8","26","19","33","79","14","23","26","46.94"
"268","Darnell Nurse","EDM","D","56","1435","16","20","8","12","36","36.00","155","10.32","7.62","289","208","86","14","1","10","57","20","16","3","1","13","61","24","117","63","100","0","0","-"
"292","Jakub Vrana","DET, WSH","L","50","750.35","19","17","11","6","36","64.29","100","19.00","10.12","196","148","115","36","6","10","10","5","5","0","0","4","31","20","29","22","8","4","5","44.44"
"425","Brady Tkachuk","OTT","L","56","1020.8666666667","17","19","11","8","36","66.67","220","7.73","25.14","319","283","215","127","15","24","69","24","17","7","0","34","37","33","248","71","23","118","131","47.39"
"53","Jamie Benn","DAL","L","52","924.75","11","24","14","10","35","63.64","124","8.87","11.97","209","165","124","58","12","11","33","11","9","1","1","6","36","18","73","51","27","268","210","56.07"
"81","Josh Bailey","NYI","R","54","945.23333333333","8","27","15","12","35","63.64","77","10.39","6.61","122","98","72","23","2","6","4","2","2","0","0","0","39","19","13","32","19","14","18","43.75"
"130","Mats Zuccarello","MIN","R","42","700.63333333333","11","24","15","9","35","87.50","74","14.86","6.91","143","111","74","28","8","12","8","4","4","0","0","7","18","18","12","26","19","11","21","34.38"
"179","Ryan Nugent-Hopkins","EDM","C","52","1080.1666666667","16","19","10","9","35","45.45","135","11.85","16.16","243","190","172","60","6","13","22","11","11","0","0","11","33","22","26","56","29","73","87","45.63"
"203","Morgan Rielly","TOR","D","55","1298.6833333333","5","30","11","19","35","43.21","101","4.95","5.2","218","146","73","12","3","9","14","7","7","0","0","6","75","19","63","139","61","0","0","-"
"219","Chandler Stephenson","VGK","C","51","922.93333333333","14","21","13","8","35","53.03","83","16.87","9.49","124","106","85","48","7","9","29","9","7","1","1","13","10","23","43","71","35","375","369","50.40"
"232","Connor Brown","OTT","R","56","1021.5666666667","21","14","6","8","35","67.31","123","17.07","12.74","200","162","118","50","16","6","12","6","6","0","0","9","29","56","22","72","30","12","15","44.44"
"321","Pavel Zacha","N.J","C","50","857.75","17","18","10","8","35","81.40","103","16.50","10.48","176","139","113","37","8","13","10","5","5","0","0","7","30","20","42","36","10","312","294","51.49"
"373","Clayton Keller","ARI","R","56","932.86666666667","14","21","11","10","35","56.45","124","11.29","12.7","212","176","120","55","7","6","18","9","9","0","0","18","17","23","20","67","14","19","22","46.34"
"381","Jordan Kyrou","STL","C","55","793.31666666667","14","21","16","5","35","76.09","98","14.29","10.24","171","139","120","46","1","12","12","5","5","0","0","12","22","32","7","77","13","6","6","50.00"
"410","Josh Norris","OTT","C","56","922.23333333333","17","18","8","10","35","74.47","96","17.71","10.96","168","134","103","49","4","13","13","5","4","1","0","10","28","17","72","73","34","379","345","52.35"
"78","Steven Stamkos","T.B","C","38","694.16666666667","17","17","8","9","34","68.00","91","18.68","9.8","153","120","92","31","7","8","16","7","7","0","0","7","7","5","38","15","10","238","178","57.21"
"94","Cam Atkinson","CBJ","R","56","1059.1333333333","15","19","12","7","34","65.38","158","9.49","14.76","250","210","130","56","8","18","4","2","2","0","0","6","45","22","22","22","30","7","23","23.33"
"153","Nino Niederreiter","CAR","R","56","880.18333333333","20","14","8","6","34","66.67","126","15.87","17.08","205","167","149","78","6","19","29","13","12","1","0","12","26","16","68","79","17","1","6","14.29"
"332","Travis Konecny","PHI","R","50","794.8","11","23","12","11","34","75.56","100","11.00","10.13","191","146","101","41","5","15","26","13","13","0","0","13","15","16","55","65","16","6","12","33.33"
"338","Jack Roslovic","CBJ","C","48","811.31666666667","12","22","7","15","34","75.56","85","14.12","8.29","130","110","78","31","6","7","14","7","7","0","0","10","37","19","34","58","22","232","361","39.12"
"417","Drake Batherson","OTT","R","56","922.53333333333","17","17","12","5","34","73.91","111","15.32","12.66","212","170","127","57","7","12","8","4","4","0","0","10","25","15","102","71","29","5","8","38.46"
"52","Alex Killorn","T.B","L","56","1001.6","15","18","11","7","33","53.23","121","12.40","13.06","204","165","109","48","2","7","37","17","16","1","0","14","10","14","59","50","12","1","2","33.33"
"77","Drew Doughty","L.A","D","56","1477.3333333333","8","25","11","14","33","47.83","101","7.92","7.2","235","149","63","8","3","15","26","13","13","0","0","7","40","8","91","87","83","0","0","-"
"85","Jordan Eberle","NYI","R","55","921.53333333333","16","17","9","8","33","63.46","128","12.50","13.59","203","173","139","58","3","3","16","8","8","0","0","12","15","15","30","90","18","3","4","42.86"
"141","Brock Nelson","NYI","C","56","998.83333333333","18","15","10","5","33","67.35","121","14.88","18.04","206","171","156","93","5","16","14","6","6","0","0","7","26","22","36","62","26","349","358","49.36"
"148","Zach Hyman","TOR","L","43","832.68333333333","15","18","7","11","33","63.46","115","13.04","15.33","183","151","146","85","6","17","28","13","13","0","0","14","17","17","69","110","21","18","37","32.73"
"150","Taylor Hall","BOS, BUF","L","53","946.56666666667","10","23","12","11","33","61.11","136","7.35","12.51","236","185","136","66","6","13","26","8","7","0","1","19","31","19","34","71","15","7","10","41.18"
"211","Tom Wilson","WSH","R","47","777.3","13","20","14","6","33","66.00","83","15.66","9.06","138","105","85","44","2","11","96","26","18","4","4","24","16","20","105","80","25","11","15","42.31"
"295","Alex Tuch","VGK","R","55","925.45","18","15","11","4","33","62.26","142","12.68","16.8","242","200","150","62","7","7","28","14","14","0","0","16","18","39","52","76","36","12","20","37.50"
"406","Max Comtois","ANA","L","55","849.9","16","17","13","4","33","82.50","94","17.02","12.19","181","145","130","64","7","11","40","17","15","2","0","10","39","20","93","47","34","12","22","35.29"
"39","Patric Hornqvist","FLA","R","44","738.46666666667","14","18","8","10","32","60.38","145","9.66","16.22","200","180","128","77","4","16","39","14","12","1","1","10","10","18","80","85","23","2","12","14.29"
"68","Mikael Backlund","CGY","C","54","950.1","9","23","9","14","32","69.57","144","6.25","13.59","244","191","132","49","10","15","30","14","14","0","0","9","49","48","43","46","21","387","358","51.95"
"73","Alec Martinez","VGK","D","53","1195.9833333333","9","23","9","14","32","42.67","85","10.59","6.09","183","122","54","15","1","13","12","6","6","0","0","1","26","12","44","107","168","0","0","-"
"87","Roman Josi","NSH","D","47","1146.5","8","24","12","12","32","54.24","137","5.84","7.88","283","198","91","19","3","15","20","10","10","0","0","10","28","15","27","68","78","0","0","-"
"106","Nazem Kadri","COL","C","56","922.31666666667","11","21","16","5","32","62.75","170","6.47","18.53","289","225","166","69","12","21","34","17","17","0","0","27","26","22","36","72","19","392","351","52.76"
"120","Craig Smith","BOS","C","54","803.25","13","19","9","10","32","66.67","132","9.85","10.92","236","187","130","40","9","11","18","9","9","0","0","6","16","24","66","83","8","10","13","43.48"
"199","Torey Krug","STL","D","51","1149.9666666667","2","30","14","16","32","42.11","111","1.80","5.46","209","149","54","11","3","14","25","11","10","1","0","9","25","7","51","46","57","0","0","-"
"214","Filip Forsberg","NSH","L","39","713.36666666667","12","20","9","11","32","82.05","129","9.30","10.65","213","177","111","42","5","17","16","8","8","0","0","9","21","22","47","31","14","3","5","37.50"
"246","Anthony Duclair","FLA","L","43","674.43333333333","10","22","14","8","32","65.31","104","9.62","11.43","167","130","99","53","5","11","18","9","9","0","0","16","15","11","32","49","9","0","2","0.00"
"296","Nick Schmaltz","ARI","C","52","886.98333333333","10","22","11","11","32","59.26","105","9.52","11.08","181","134","118","54","6","17","16","8","8","0","0","19","22","26","15","51","25","230","307","42.83"
"298","Jared McCann","PIT","C, L","43","606.9","14","18","12","6","32","61.54","94","14.89","9.32","157","125","80","41","2","8","8","4","4","0","0","12","14","21","40","67","17","56","73","43.41"
"314","Victor Olofsson","BUF","L","56","974","13","19","13","6","32","61.54","129","10.08","10.57","228","178","108","32","3","15","6","3","3","0","0","4","25","23","17","28","12","1","1","50.00"
"315","Andrew Mangiapane","CGY","L","56","933.31666666667","18","14","12","2","32","71.11","91","19.78","11.92","169","130","128","60","8","11","24","11","11","0","0","11","18","40","51","48","33","2","15","11.76"
"325","Jordan Greenway","MIN","L","56","884.5","6","26","15","11","32","76.19","80","7.50","7.14","142","111","74","32","3","13","49","23","22","1","0","15","18","16","87","67","28","16","17","48.48"
"382","Samuel Girard","COL","D","48","1114.2","5","27","16","11","32","48.48","79","6.33","3.44","186","113","36","4","0","8","16","8","8","0","0","14","32","14","31","76","52","0","0","-"
"415","Neal Pionk","WPG","D","54","1185.4666666667","3","29","19","10","32","45.71","100","3.00","4.24","200","136","46","8","2","15","20","10","10","0","0","14","44","19","137","100","74","0","0","-"
"8","Dustin Brown","L.A","R","49","863.43333333333","17","14","9","5","31","52.54","129","13.18","14.68","207","168","112","57","6","10","18","9","9","0","0","15","31","11","85","57","10","2","2","50.00"
"61","Logan Couture","S.J","C","53","1020.8333333333","17","14","6","8","31","58.49","114","14.91","14.38","196","154","117","50","5","13","25","11","10","1","0","9","16","27","58","49","39","444","456","49.33"
"110","Nick Leddy","NYI","D","56","1209.05","2","29","13","16","31","52.54","79","2.53","4.07","146","106","40","6","1","8","8","4","4","0","0","6","32","6","58","45","54","0","0","-"
"143","Kevin Hayes","PHI","C","55","963.73333333333","12","19","13","6","31","63.27","127","9.45","13.31","226","178","113","47","4","15","22","11","11","0","0","11","27","22","60","30","14","234","244","48.95"
"155","Joonas Donskoi","COL","R","51","741.5","17","14","9","5","31","59.62","86","19.77","14.42","149","122","122","69","2","14","10","5","5","0","0","6","10","18","14","63","25","13","18","41.94"
"170","Blake Coleman","T.B","C","55","850.58333333333","14","17","7","10","31","70.45","122","11.48","13.89","183","154","123","53","9","13","37","17","16","1","0","20","19","25","109","65","20","2","7","22.22"
"304","Christian Dvorak","ARI","C","56","1030.7833333333","17","14","7","7","31","65.96","95","17.89","14.78","154","132","117","72","5","13","12","6","6","0","0","11","18","19","48","51","45","553","509","52.07"
"307","Devon Toews","COL","D","53","1312.3166666667","9","22","9","13","31","41.33","121","7.44","5.62","221","162","69","18","5","11","16","8","8","0","0","12","19","32","44","34","87","0","0","-"
"326","Timo Meier","S.J","R","54","867.28333333333","12","19","10","9","31","68.89","155","7.74","14.21","298","219","161","63","10","19","22","11","11","0","0","16","25","22","75","63","24","8","20","28.57"
"343","Thomas Chabot","OTT","D","49","1287.9166666667","6","25","17","8","31","50.00","120","5.00","5.99","241","162","64","14","5","17","36","17","17","0","0","9","82","18","68","116","72","0","0","-"
"440","Jack Hughes","N.J","C","56","1067.5333333333","11","20","14","6","31","54.39","142","7.75","13.91","257","192","151","54","4","21","16","4","3","0","1","19","74","56","15","70","15","216","395","35.35"
"7","Jeff Carter","L.A, PIT","C","54","894.51666666667","17","13","8","5","30","63.83","154","11.04","14.12","226","189","133","68","12","26","22","11","11","0","0","2","16","20","41","40","30","153","161","48.73"
"111","Chris Kreider","NYR","L","50","869.86666666667","20","10","7","3","30","47.62","102","19.61","16.16","177","145","122","81","3","7","34","14","12","2","0","8","32","17","115","47","35","30","45","40.00"
"114","Tomas Tatar","MTL","L","50","749.35","10","20","12","8","30","69.77","82","12.20","8.68","141","105","96","40","7","12","8","4","4","0","0","6","14","16","63","52","20","12","15","44.44"
"297","Kasperi Kapanen","PIT","R","40","621.26666666667","11","19","8","11","30","71.43","68","16.18","5.11","112","85","65","21","5","5","2","1","1","0","0","4","21","16","41","51","8","0","1","0.00"
"348","Joel Eriksson Ek","MIN","C","56","955.48333333333","19","11","9","2","30","58.82","120","15.83","15.94","170","150","113","73","5","14","20","10","10","0","0","17","10","21","105","81","37","395","444","47.08"
"349","Denis Gurianov","DAL","R","55","871.8","12","18","10","8","30","62.50","130","9.23","12.3","251","181","128","49","6","11","21","8","7","1","0","11","29","18","63","39","12","0","1","0.00"
"369","Charlie McAvoy","BOS","D","51","1223.7833333333","5","25","12","13","30","39.47","92","5.43","5.53","189","136","61","12","2","11","38","19","19","0","0","10","44","20","65","101","80","0","0","-"
"385","Jesper Bratt","N.J","L","46","739.5","7","23","11","12","30","73.17","101","6.93","10.14","181","144","88","36","2","8","8","4","4","0","0","8","22","17","31","38","18","3","6","33.33"
"386","Mikhail Sergachev","T.B","D","56","1230.3333333333","4","26","14","12","30","50.00","108","3.70","6.43","218","154","63","6","3","15","30","15","15","0","0","6","34","12","66","85","73","0","0","-"
"413","Alex Iafallo","L.A","L","55","1093.8","13","17","10","7","30","50.00","119","10.92","14.47","191","159","126","74","3","15","4","2","2","0","0","6","9","15","26","57","39","2","5","28.57"
"437","Yegor Sharangovich","N.J","C","54","907.6","16","14","6","8","30","68.18","114","14.04","11.68","212","167","120","41","5","11","4","2","2","0","0","14","37","38","20","36","20","26","66","28.26"
"11","Brent Burns","S.J","D","56","1463.3333333333","7","22","14","8","29","40.85","138","5.07","7.91","294","194","78","17","3","32","36","18","18","0","0","6","47","36","31","29","94","0","0","-"
"26","Paul Stastny","WPG","C","56","974.93333333333","13","16","10","6","29","52.73","101","12.87","14.5","157","133","136","76","5","16","32","16","16","0","0","9","19","20","38","40","19","324","268","54.73"
"135","Evgeny Kuznetsov","WSH","C","41","679.45","9","20","13","7","29","55.77","78","11.54","7.36","122","102","64","30","2","10","18","9","9","0","0","5","19","16","21","18","18","204","289","41.38"
"274","Alex Wennberg","FLA","C","56","1017.35","17","12","7","5","29","50.88","82","20.73","8.89","133","105","79","38","6","8","8","4","4","0","0","12","22","30","29","75","36","388","400","49.24"
"278","Anthony Mantha","DET, WSH","R","56","1014.9333333333","15","14","10","4","29","59.18","138","10.87","11.68","236","186","128","39","6","8","25","11","10","1","0","12","30","11","49","39","27","18","23","43.90"
"300","Adrian Kempe","L.A","C","56","948.21666666667","14","15","13","2","29","58.00","127","11.02","11.31","238","174","117","39","7","19","28","13","13","0","0","8","20","15","47","54","21","27","41","39.71"
"444","Tim Stützle","OTT","L","53","834.2","12","17","9","8","29","59.18","111","10.81","10.04","187","144","121","35","3","15","14","7","7","0","0","23","44","20","50","80","15","8","19","29.63"
"131","Calle Jarnkrok","NSH","C","48","802.63333333333","13","15","7","8","28","70.00","90","14.44","8.27","132","113","79","29","3","5","14","3","2","0","1","8","10","17","28","40","14","41","54","43.16"
"171","Jean-Gabriel Pageau","NYI","C","54","906.66666666667","14","14","8","6","28","63.64","81","17.28","11.34","130","110","88","51","3","8","10","5","5","0","0","9","19","17","111","71","58","472","361","56.66"
"195","Rickard Rakell","ANA","L","52","926.95","9","19","15","4","28","73.68","144","6.25","15.69","265","204","153","65","7","16","12","6","6","0","0","6","23","21","65","94","16","5","10","33.33"
"265","Seth Jones","CBJ","D","56","1410.9","5","23","8","15","28","50.00","141","3.55","6.03","256","183","61","17","5","7","26","13","13","0","0","4","43","20","102","92","101","0","0","-"
"267","Sean Monahan","CGY","C","50","884.41666666667","10","18","12","6","28","62.22","98","10.20","12.79","154","133","114","56","6","15","10","5","5","0","0","7","35","28","49","32","18","340","354","48.99"
"313","Kevin Labanc","S.J","R","55","903.25","12","16","11","5","28","62.22","129","9.30","12.87","229","174","140","49","6","20","31","14","13","1","0","18","24","17","61","45","15","0","1","0.00"
"341","Anthony Beauvillier","NYI","L","47","770.85","15","13","6","7","28","65.12","109","13.76","10.59","174","142","124","50","4","10","12","6","6","0","0","9","27","15","39","62","13","2","5","28.57"
"35","Keith Yandle","FLA","D","56","965.53333333333","3","24","16","8","27","44.26","113","2.65","4.57","217","143","46","7","4","12","38","19","19","0","0","5","32","13","18","12","27","0","0","-"
"72","Jake Muzzin","TOR","D","53","1141.7666666667","4","23","9","14","27","43.55","103","3.88","3.66","192","133","44","2","3","5","29","13","12","1","0","5","62","24","101","146","94","0","0","-"
"88","Justin Schultz","WSH","D","46","874.73333333333","3","24","19","5","27","47.37","67","4.48","3.5","130","96","31","5","3","8","10","5","5","0","0","4","25","12","28","68","49","0","0","-"
"172","Mike Reilly","BOS, OTT","D","55","1060.25","0","27","8","19","27","50.00","98","0.00","3.05","169","134","28","3","4","12","22","11","11","0","0","4","43","16","70","66","43","0","0","-"
"286","Sam Bennett","CGY, FLA","C","48","692.23333333333","10","17","7","10","27","72.97","106","9.43","13.18","169","139","113","52","2","14","52","15","11","2","2","12","27","16","108","65","18","124","137","47.51"
"408","Miro Heiskanen","DAL","D","55","1373.2166666667","8","19","8","11","27","45.00","121","6.61","7.43","262","175","93","9","5","7","12","6","6","0","0","16","48","16","47","85","52","0","0","-"
"438","Nils Hoglander","VAN","L","56","864.78333333333","13","14","5","9","27","64.29","118","11.02","11.48","196","155","126","51","6","10","16","8","8","0","0","13","20","42","26","95","19","1","1","50.00"
"16","Mark Giordano","CGY","D","56","1284.8666666667","9","17","6","11","26","38.81","142","6.34","5.78","306","212","52","2","3","10","14","7","7","0","0","9","41","21","51","95","110","0","0","-"
"54","Nick Bonino","MIN","C","55","817.06666666667","10","16","8","8","26","52.00","66","15.15","6.08","103","87","60","30","6","6","26","9","8","0","1","4","8","22","11","26","50","365","326","52.82"
"290","Nick Ritchie","BOS","L","56","860.66666666667","15","11","7","4","26","57.78","121","12.40","13.17","189","170","112","69","5","15","37","14","11","3","0","6","20","16","102","59","17","0","4","0.00"
"316","Frank Vatrano","FLA","C","56","812.91666666667","18","8","3","5","26","66.67","158","11.39","14.6","245","207","118","39","6","7","26","13","13","0","0","9","18","23","69","75","21","4","16","20.00"
"351","Ivan Provorov","PHI","D","56","1399.9166666667","7","19","7","12","26","35.14","126","5.56","6.15","252","166","70","13","2","11","28","14","14","0","0","7","56","5","56","106","106","0","0","-"
"388","Filip Hronek","DET","D","56","1309.6166666667","2","24","7","17","26","54.17","114","1.75","5.71","225","159","45","6","4","15","16","8","8","0","0","11","31","7","67","70","46","0","0","-"
"95","Jared Spurgeon","MIN","D","54","1192.7666666667","7","18","7","11","25","40.32","94","7.45","6.31","192","138","70","15","3","13","6","3","3","0","0","4","11","17","52","68","102","0","0","-"
"113","Reilly Smith","VGK","R","53","947.03333333333","14","11","8","3","25","53.19","124","11.29","15.28","211","169","145","74","8","18","16","8","8","0","0","10","20","21","46","42","20","0","4","0.00"
"140","Justin Faulk","STL","D","56","1358.5333333333","7","18","6","12","25","35.21","117","5.98","5.37","223","149","71","11","11","15","35","16","15","1","0","6","35","24","127","67","87","0","0","-"
"152","Mikael Granlund","NSH","C","50","971.66666666667","12","13","8","5","25","52.08","71","16.90","10.16","131","104","75","48","7","8","14","7","7","0","0","12","27","21","44","65","42","233","219","51.55"
"249","Miles Wood","N.J","L","55","823.63333333333","17","8","5","3","25","65.79","128","13.28","11.79","184","161","104","48","5","12","29","13","12","1","0","15","23","18","38","75","25","7","13","35.00"
"261","Brett Pesce","CAR","D","55","1253.5666666667","4","21","13","8","25","45.45","89","4.49","4.58","231","144","58","9","2","27","20","10","10","0","0","16","26","21","17","80","82","0","0","-"
"361","Mason Appleton","WPG","C","56","808.13333333333","12","13","7","6","25","67.57","88","13.64","9.92","140","119","83","38","7","10","14","7","7","0","0","11","21","13","61","88","22","7","6","53.85"
"374","Jesse Puljujarvi","EDM","R","55","832.05","15","10","5","5","25","48.08","115","13.04","14.4","179","151","121","69","6","11","16","8","8","0","0","15","30","23","101","99","20","0","3","0.00"
"391","Janne Kuokkanen","N.J","C, L","50","738.71666666667","8","17","9","8","25","71.43","61","13.11","8.16","113","97","70","33","1","4","14","6","6","0","0","11","14","22","10","59","19","1","8","11.11"
"419","Pius Suter","CHI","C","54","881.31666666667","13","12","10","2","25","52.08","111","11.71","12.31","154","132","112","61","6","8","14","6","6","0","0","8","19","25","28","54","34","262","353","42.60"
"105","Oliver Ekman-Larsson","ARI","D","46","964.51666666667","3","21","11","10","24","53.33","83","3.61","3.77","175","122","34","2","0","11","32","16","16","0","0","9","25","12","72","57","26","0","0","-"
"168","Adam Lowry","WPG","C","52","808.46666666667","10","14","7","7","24","72.73","81","12.35","8.78","138","109","91","37","0","6","13","5","4","1","0","11","13","16","161","82","30","361","354","50.49"
"176","Brandon Saad","COL","L","44","619.5","15","9","2","7","24","63.16","68","22.06","7.98","129","99","90","41","8","8","12","6","6","0","0","6","17","8","16","20","10","27","35","43.55"
"193","Phillip Danault","MTL","C","53","894.08333333333","5","19","15","4","24","57.14","73","6.85","7.08","140","105","83","33","3","7","24","12","12","0","0","8","31","14","76","51","28","476","431","52.48"
"230","Josh Anderson","MTL","R","52","853.75","17","7","4","3","24","70.59","125","13.60","13.19","218","183","138","57","7","6","38","16","14","2","0","13","12","17","139","82","25","7","5","58.33"
"245","Mattias Janmark","CHI, VGK","C","56","957.21666666667","11","13","8","5","24","52.17","95","11.58","11.11","147","121","103","47","5","8","10","5","5","0","0","13","26","16","26","93","14","21","44","32.31"
"272","Max Domi","CBJ","C","54","821.98333333333","9","15","13","2","24","72.73","99","9.09","6.86","153","118","79","20","5","8","75","20","15","1","4","12","41","18","15","41","10","192","204","48.48"
"293","Dylan Larkin","DET","C","44","897.7","9","15","11","4","24","66.67","134","6.72","12.4","223","176","117","47","5","13","34","14","12","2","0","16","38","21","38","45","17","361","369","49.45"
"308","Viktor Arvidsson","NSH","R","49","814.7","10","14","12","2","24","53.33","147","6.80","11.98","258","208","136","48","6","17","17","7","6","1","0","15","23","17","13","71","31","9","18","33.33"
"372","Patrik Laine","CBJ, WPG","L, R","46","802.68333333333","12","12","7","5","24","58.54","82","14.63","5.08","160","109","72","12","4","8","25","7","5","1","1","10","40","9","36","35","15","6","19","24.00"
"43","Milan Lucic","CGY","L","56","763.2","10","13","6","7","23","60.53","74","13.51","7.63","114","94","76","34","2","4","46","17","13","4","0","9","29","19","139","63","12","9","24","27.27"
"75","Lars Eller","WSH","C","44","719.86666666667","8","15","6","9","23","67.65","69","11.59","9.75","134","107","88","46","3","8","21","9","8","1","0","12","20","19","36","43","16","332","327","50.38"
"79","Alex Pietrangelo","VGK","D","41","1001.7333333333","7","16","7","9","23","37.70","126","5.56","6.38","278","183","84","12","5","15","16","8","8","0","0","8","22","23","28","87","80","0","0","-"
"144","Cam Fowler","ANA","D","56","1218.5833333333","5","18","5","13","23","44.23","75","6.67","4.12","181","105","62","8","2","12","18","9","9","0","0","4","28","21","27","63","36","0","0","-"
"175","Victor Rask","MIN","C","54","780","10","13","7","6","23","45.10","53","18.87","4.95","103","69","47","16","0","5","2","1","1","0","0","6","24","20","21","37","10","218","262","45.42"
"188","Jonas Brodin","MIN","D","53","1189.0166666667","9","14","7","7","23","40.35","80","11.25","3.39","166","104","41","8","3","11","18","9","9","0","0","7","19","14","35","93","99","0","0","-"
"228","Andreas Athanasiou","L.A","C","47","702.61666666667","10","13","9","4","23","79.31","85","11.76","7.95","153","116","77","32","8","8","27","9","6","3","0","15","10","18","11","48","16","4","0","100.00"
"234","Alexander Kerfoot","TOR","C","56","808.88333333333","8","15","8","7","23","69.70","68","11.76","8.32","118","92","76","35","3","1","12","6","6","0","0","10","30","17","41","118","34","124","180","40.79"
"264","Jonathan Drouin","MTL","L","44","707.95","2","21","12","9","23","58.97","76","2.63","5.82","121","96","64","24","6","5","20","9","9","0","0","4","23","17","42","25","7","21","24","46.67"
"394","Trevor Moore","L.A","C","56","814.11666666667","10","13","10","3","23","74.19","88","11.36","11.15","164","136","101","54","7","18","18","9","9","0","0","7","17","14","38","73","10","3","6","33.33"
"403","Gabriel Vilardi","L.A","C","54","796.58333333333","10","13","7","6","23","74.19","65","15.38","9","116","91","82","37","3","6","6","3","3","0","0","17","14","13","18","58","19","291","343","45.90"
"431","Rasmus Dahlin","BUF","D","56","1211.1333333333","5","18","9","9","23","45.10","115","4.35","6.16","210","148","54","16","3","18","26","13","13","0","0","13","36","13","80","76","45","0","0","-"
"433","Ty Smith","N.J","D","48","965.9","2","21","14","7","23","47.92","69","2.90","3.75","177","101","46","2","2","15","22","11","11","0","0","7","30","8","32","35","35","0","0","-"
"22","Alex Goligoski","ARI","D","56","1288.3666666667","3","19","7","12","22","35.48","72","4.17","3.46","157","94","42","10","2","10","14","7","7","0","0","8","33","14","76","80","108","0","0","-"
"83","Erik Karlsson","S.J","D","52","1226.8166666667","8","14","7","7","22","37.93","110","7.27","6.23","239","159","70","9","5","21","18","9","9","0","0","10","47","39","20","58","69","0","0","-"
"96","Tyler Johnson","T.B","C","55","751.5","8","14","10","4","22","64.71","77","10.39","7.96","123","103","85","35","1","7","16","8","8","0","0","7","7","4","63","33","15","170","140","54.84"
"116","Dmitry Orlov","WSH","D","51","1010.5","8","14","6","8","22","38.60","83","9.64","3.91","164","118","43","7","4","3","20","10","10","0","0","4","25","30","87","51","50","0","0","-"
"118","Mattias Ekholm","NSH","D","47","1075.4333333333","6","16","8","8","22","43.14","106","5.66","4.57","223","162","51","7","1","9","14","7","7","0","0","3","29","15","23","38","46","0","0","-"
"160","Colin Blackwell","NYR","C","47","658.3","12","10","5","5","22","57.89","64","18.75","7.99","115","96","68","32","6","11","15","6","5","1","0","9","17","15","45","66","19","30","32","48.39"
"226","Teddy Blueger","PIT","C","43","638.55","7","15","13","2","22","73.33","49","14.29","5.53","77","64","51","19","3","1","16","5","3","2","0","8","12","11","53","60","25","201","212","48.67"
"256","Ryan Hartman","MIN","R","51","768.63333333333","7","15","8","7","22","57.89","74","9.46","8.05","138","115","72","30","8","8","33","15","14","1","0","10","29","21","55","37","33","198","279","41.51"
"279","Conor Sheary","WSH","L","53","726.63333333333","14","8","4","4","22","61.11","88","15.91","10.26","144","120","93","48","7","9","14","7","7","0","0","11","8","25","24","62","20","3","7","30.00"
"283","Aaron Ekblad","FLA","D","35","878.18333333333","11","11","5","6","22","40.00","101","10.89","6.43","193","144","63","11","4","9","33","15","14","1","0","8","22","11","24","46","27","0","0","-"
"353","Anthony Cirelli","T.B","C","50","887.35","9","13","4","9","22","53.66","75","12.00","8.19","111","97","76","44","0","10","10","5","5","0","0","13","19","21","64","66","32","227","235","49.13"
"376","Dillon Dube","CGY","C","51","695.61666666667","11","11","6","5","22","66.67","84","13.10","8.05","156","119","95","28","4","3","20","10","10","0","0","10","32","15","59","81","14","9","8","52.94"
"402","Casey Mittelstadt","BUF","C","41","651.16666666667","10","12","6","6","22","62.86","61","16.39","7.23","94","80","57","27","4","3","10","5","5","0","0","5","18","18","9","29","12","216","225","48.98"
"12","Corey Perry","MTL","R","49","673.21666666667","9","12","8","4","21","63.64","62","14.52","7.67","109","88","67","37","3","7","39","11","7","3","1","15","16","15","56","44","15","0","6","0.00"
"82","Tyler Myers","VAN","D","55","1214.35","6","15","10","5","21","43.75","109","5.50","4.14","188","131","48","5","4","9","51","20","18","1","1","8","46","22","61","51","74","0","0","-"
"91","Adam Henrique","ANA","C","45","721.8","12","9","6","3","21","63.64","77","15.58","8.7","129","102","80","39","2","9","11","4","3","1","0","7","20","11","40","30","32","303","244","55.39"
"98","Kyle Palmieri","N.J, NYI","C, R","51","845.25","10","11","3","8","21","67.74","115","8.70","14.72","223","181","147","65","5","9","20","10","10","0","0","13","24","22","62","83","12","8","12","40.00"
"124","Erik Haula","NSH","L","50","796.98333333333","9","12","8","4","21","65.63","82","10.98","10.69","138","118","91","51","4","6","14","7","7","0","0","9","16","17","61","36","19","263","217","54.79"
"145","Jaden Schwartz","STL","L","40","708.13333333333","8","13","6","7","21","55.26","70","11.43","7.03","123","95","72","29","2","9","20","10","10","0","0","9","15","18","40","41","26","7","6","53.85"
"151","Ryan Johansen","NSH","C","47","797.53333333333","7","14","7","7","21","45.65","65","10.77","8.36","102","84","74","39","3","6","22","11","11","0","0","6","20","12","42","26","16","416","389","51.68"
"204","Matt Dumba","MIN","D","51","1136.2666666667","6","15","9","6","21","38.18","89","6.74","6.08","186","134","55","15","1","19","46","15","13","0","2","9","32","11","74","39","75","0","0","-"
"224","Damon Severson","N.J","D","56","1259.1333333333","3","18","10","8","21","46.67","91","3.30","4.78","195","129","52","9","3","12","29","13","12","1","0","7","52","23","57","43","50","0","0","-"
"271","Valeri Nichushkin","COL","R","55","773.85","10","11","4","7","21","56.76","98","10.20","9.45","172","132","105","45","3","8","4","2","2","0","0","9","5","23","65","62","28","1","2","33.33"
"273","Josh Morrissey","WPG","D","56","1319.7666666667","4","17","9","8","21","33.33","116","3.45","6.04","246","162","74","6","5","9","25","10","9","1","0","3","42","14","78","22","86","0","0","-"
"318","Rasmus Andersson","CGY","D","56","1188.4333333333","5","16","8","8","21","35.59","96","5.21","6.29","197","150","34","6","2","4","34","16","16","0","0","15","39","16","49","66","68","0","0","-"
"383","Pierre-Luc Dubois","CBJ, WPG","C, L","46","690.28333333333","9","12","5","7","21","58.33","76","11.84","7.47","131","98","88","31","1","9","38","15","14","0","1","14","10","18","59","68","26","166","216","43.46"
"392","Brandon Hagel","CHI","L","51","709.68333333333","8","13","10","3","21","70.00","90","8.89","8.68","142","110","88","41","7","7","11","4","3","1","0","13","10","31","56","101","28","8","14","36.36"
"398","Kailer Yamamoto","EDM","R","52","850.63333333333","8","13","10","3","21","52.50","70","11.43","11.14","118","100","97","63","4","7","26","13","13","0","0","13","21","32","52","101","40","0","1","0.00"
"443","Alexis Lafrenière","NYR","L","56","777.41666666667","12","9","6","3","21","65.63","67","17.91","7.47","115","94","68","36","1","4","8","4","4","0","0","6","18","15","43","65","11","13","18","41.94"
"2","Joe Thornton","TOR","C","44","603.68333333333","5","15","8","7","20","55.56","42","11.90","3.72","66","56","44","19","4","6","14","7","7","0","0","5","29","13","32","28","10","39","29","57.35"
"19","Travis Zajac","N.J, NYI","C","46","754.9","8","12","5","7","20","74.07","50","16.00","5.2","93","70","58","28","2","3","6","3","3","0","0","6","14","25","51","36","22","310","293","51.41"
"42","Nick Foligno","CBJ, TOR","L","49","870.65","7","13","8","5","20","54.05","81","8.64","8.09","121","106","75","43","4","6","32","13","11","2","0","15","21","13","133","44","37","117","144","44.83"
"48","Derick Brassard","ARI","C","53","783.9","8","12","5","7","20","51.28","67","11.94","7.56","130","101","75","38","4","9","12","6","6","0","0","8","19","17","80","25","5","229","206","52.64"
"67","Evgenii Dadonov","OTT","R","55","856.83333333333","13","7","5","2","20","50.00","89","14.61","10.57","163","132","106","54","8","10","4","2","2","0","0","8","25","17","38","53","26","0","1","0.00"
"132","Justin Holl","TOR","D","55","1158.4666666667","2","18","7","11","20","32.79","57","3.51","2.44","117","81","32","3","1","9","25","11","10","1","0","11","41","17","82","128","84","0","0","-"
"198","Barclay Goodrow","T.B","C","55","831.63333333333","6","14","6","8","20","51.28","72","8.33","8.75","104","90","73","35","3","2","52","20","16","4","0","10","12","16","111","75","27","162","162","50.00"
"207","Scott Laughton","PHI","C","53","817.28333333333","9","11","9","2","20","66.67","89","10.11","7.4","133","104","70","37","4","10","39","14","12","1","1","9","17","20","141","41","34","211","220","48.96"
"216","Matt Grzelcyk","BOS","D","37","730.51666666667","5","15","9","6","20","45.45","80","6.25","2.59","126","97","22","3","2","7","22","11","11","0","0","1","11","14","19","38","34","0","0","-"
"220","Shayne Gostisbehere","PHI","D","41","817.55","9","11","5","6","20","40.82","85","10.59","5.12","189","127","41","9","2","13","6","3","3","0","0","8","24","10","18","43","47","0","0","-"
"250","Nick Paul","OTT","L","56","900.6","5","15","10","5","20","50.00","105","4.76","9.93","195","161","103","37","10","8","19","8","7","1","0","10","17","40","74","64","35","219","201","52.14"
"257","Adam Erne","DET","L","45","626.45","11","9","3","6","20","71.43","71","15.49","7.58","105","91","68","41","4","10","26","10","8","2","0","4","6","10","82","27","16","20","14","58.82"
"303","Ryan Donato","S.J","C","50","630.51666666667","6","14","10","4","20","64.52","104","5.77","12.2","171","140","115","67","8","22","10","5","5","0","0","16","11","27","50","58","21","27","36","42.86"
"305","Warren Foegele","CAR","L","53","750.16666666667","10","10","7","3","20","76.92","91","10.99","13.46","155","130","114","65","8","16","20","10","10","0","0","15","28","16","60","74","12","18","17","51.43"
"323","Vince Dunn","STL","D","43","827.71666666667","6","14","6","8","20","58.82","73","8.22","3.74","164","95","48","9","1","6","18","9","9","0","0","7","26","10","36","50","51","0","0","-"
"339","Zach Werenski","CBJ","D","35","852.56666666667","7","13","9","4","20","60.61","79","8.86","4.07","141","103","44","9","0","10","13","5","4","1","0","7","19","10","21","41","39","0","0","-"
"359","Troy Terry","ANA","R","48","705.55","7","13","10","3","20","64.52","69","10.14","7.74","129","103","92","29","4","12","18","8","8","0","0","13","23","19","5","66","13","2","2","50.00"
"429","Jesperi Kotkaniemi","MTL","C","56","828.61666666667","5","15","9","6","20","58.82","87","5.75","7.87","158","111","98","31","7","6","12","6","6","0","0","8","24","33","84","74","27","263","286","47.91"
"6","Ryan Suter","MIN","D","56","1242.2833333333","3","16","10","6","19","27.54","86","3.49","3.68","200","126","52","6","1","12","12","6","6","0","0","3","17","9","38","28","65","0","0","-"
"14","Shea Weber","MTL","D","48","1089.6","6","13","6","7","19","36.54","104","5.77","3.77","215","146","35","2","1","6","33","14","13","1","0","4","53","11","70","47","68","0","0","-"
"51","Mathieu Perreault","WPG","L","56","655.03333333333","9","10","8","2","19","51.35","57","15.79","6.83","107","79","79","33","2","8","16","8","8","0","0","12","18","15","84","31","18","5","8","38.46"
"62","P.K. Subban","N.J","D","44","983.78333333333","5","14","9","5","19","45.24","99","5.05","4.27","195","138","35","4","3","7","26","12","12","0","0","3","45","12","41","42","46","0","0","-"
"127","Brenden Dillon","WSH","D","56","1060.8333333333","2","17","7","10","19","33.33","51","3.92","1.69","138","83","25","1","2","7","49","17","12","5","0","9","27","13","143","89","61","0","0","-"
"157","Jesper Fast","CAR","R","46","703.65","6","13","5","8","19","59.38","38","15.79","6.05","69","54","53","34","0","5","14","7","7","0","0","7","11","5","78","92","23","13","25","34.21"
"223","Chris Tierney","OTT","C","55","824.45","6","13","9","4","19","63.33","53","11.32","5.65","82","71","53","31","2","4","8","4","4","0","0","5","32","22","23","29","32","269","321","45.59"
"344","Mathieu Joseph","T.B","R","56","612.21666666667","12","7","4","3","19","67.86","59","20.34","5.63","92","75","65","26","3","6","10","4","4","0","0","9","12","12","82","71","15","43","69","38.39"
"428","Filip Zadina","DET","R","49","823.48333333333","6","13","8","5","19","59.38","97","6.19","8.24","169","123","96","26","1","11","0","0","0","0","0","11","17","17","22","46","22","5","10","33.33"
"9","Zach Parise","MIN","L","45","627.6","7","11","6","5","18","50.00","90","7.78","9.56","121","113","82","52","4","8","6","3","3","0","0","11","13","12","18","35","20","34","48","41.46"
"58","Pat Maroon","T.B","L","55","637.6","4","14","6","8","18","52.94","46","8.70","4.77","68","58","47","29","2","7","60","16","10","4","2","12","12","6","75","51","6","2","10","16.67"
"107","Ryan Ellis","NSH","D","34","809.25","5","13","10","3","18","51.43","74","6.76","3.66","140","92","41","9","3","17","8","3","3","0","0","6","19","7","20","33","60","0","0","-"
"169","Nick Cousins","NSH","C","51","682.46666666667","5","13","6","7","18","52.94","57","8.77","5.29","93","73","59","25","5","5","41","15","13","1","1","17","15","8","48","64","15","19","17","52.78"
"206","Tanner Pearson","VAN","L","51","870.66666666667","10","8","6","2","18","45.00","110","9.09","11.61","181","149","103","51","9","14","26","9","8","0","1","11","26","23","54","56","28","6","10","37.50"
"258","J.T. Compher","COL","L","48","682.43333333333","10","8","5","3","18","48.65","47","21.28","4.8","88","69","54","22","4","4","19","8","7","1","0","9","10","16","32","37","38","216","255","45.86"
"269","Rasmus Ristolainen","BUF","D","49","1092","4","14","7","7","18","38.30","73","5.48","4.77","153","111","46","16","3","8","36","18","18","0","0","6","11","12","193","87","68","0","0","-"
"281","Garnet Hathaway","WSH","R","56","690.71666666667","6","12","7","5","18","60.00","62","9.68","6.92","106","88","75","31","1","10","66","19","13","4","2","16","10","10","179","77","30","10","14","41.67"
"302","Brandon Montour","BUF, FLA","D","50","1024.4","7","11","7","4","18","41.86","94","7.45","5.29","173","133","45","13","4","10","40","16","15","0","1","6","22","15","54","56","62","0","0","-"
"320","Colin White","OTT","C","45","661.1","10","8","4","4","18","62.07","69","14.49","9.76","132","102","82","41","7","8","16","8","8","0","0","7","25","15","58","43","18","170","232","42.29"
"328","Erik Cernak","T.B","D","46","910.08333333333","5","13","10","3","18","41.86","85","5.88","3.97","163","116","46","8","3","8","38","16","14","2","0","11","10","6","98","77","46","0","0","-"
"418","Sean Walker","L.A","D","47","853.9","5","13","4","9","18","48.65","92","5.43","5.47","181","125","49","13","3","5","18","9","9","0","0","1","24","10","43","67","72","0","0","-"
"421","Eric Robinson","CBJ","L","56","694","8","10","8","2","18","66.67","75","10.67","7.57","137","106","82","39","5","8","4","2","2","0","0","4","18","15","94","44","16","3","3","50.00"
"10","Ryan Getzlaf","ANA","C","48","795.78333333333","5","12","6","6","17","53.13","70","7.14","7.95","133","100","66","31","4","6","43","13","9","3","1","11","40","24","66","27","46","350","326","51.78"
"21","Carl Soderberg","CHI, COL","C","45","648","7","10","6","4","17","60.71","61","11.48","6.11","87","75","53","32","3","5","18","9","9","0","0","8","16","10","66","51","36","201","190","51.41"
"174","Boone Jenner","CBJ","C","41","737.96666666667","8","9","5","4","17","65.38","79","10.13","8.07","131","110","68","36","4","8","6","3","3","0","0","6","22","14","76","36","53","301","245","55.13"
"194","Vladislav Namestnikov","DET","C","53","857.65","8","9","3","6","17","62.96","87","9.20","12.18","125","110","79","44","9","8","24","12","12","0","0","9","9","13","71","69","35","135","210","39.13"
"210","Cody Ceci","PIT","D","53","981.46666666667","4","13","5","8","17","35.42","58","6.90","2.28","110","78","21","5","0","5","10","5","5","0","0","5","15","11","74","117","70","0","0","-"
"242","Carson Soucy","MIN","D","50","764.26666666667","1","16","7","9","17","41.46","47","2.13","1.49","84","66","18","4","5","3","51","19","16","3","0","10","18","12","62","63","49","0","0","-"
"275","Ryan Pulock","NYI","D","56","1256.9166666667","2","15","10","5","17","30.91","121","1.65","5.36","234","158","58","11","2","9","8","4","4","0","0","4","32","9","97","99","106","0","0","-"
"310","Gustav Forsling","FLA","D","43","857.55","5","12","8","4","17","36.96","94","5.32","3.62","165","115","33","9","6","5","8","4","4","0","0","5","26","19","30","75","42","0","0","-"
"333","Dylan Strome","CHI","C","40","620.53333333333","9","8","6","2","17","53.13","71","12.68","8.12","112","90","75","37","0","9","14","7","7","0","0","3","20","17","8","49","19","198","223","47.03"
"358","Rudolfs Balcers","S.J","L","41","603.16666666667","8","9","3","6","17","62.96","66","12.12","8.06","99","81","71","39","3","10","16","8","8","0","0","4","15","31","81","57","29","0","3","0.00"
"379","Tyson Jost","COL","C","54","762.05","7","10","8","2","17","54.84","92","7.61","8.8","154","121","89","35","4","10","24","12","12","0","0","13","11","24","45","92","19","162","184","46.82"
"390","Nikita Zaitsev","OTT","D","55","1250.7","4","13","9","4","17","38.64","70","5.71","3.49","175","110","33","0","1","10","26","13","13","0","0","6","60","7","114","99","110","0","0","-"
"399","Nicolas Hague","VGK","D","52","831.75","5","12","6","6","17","45.95","78","6.41","3.84","185","119","53","5","5","5","31","14","13","1","0","8","15","10","94","151","65","0","0","-"
"400","Mario Ferraro","S.J","D","56","1255.8333333333","1","16","7","9","17","29.31","58","1.72","2.92","106","80","29","6","0","12","22","11","11","0","0","5","20","30","155","104","96","0","0","-"
"439","Kaapo Kakko","NYR","R","48","688.68333333333","9","8","3","5","17","56.67","81","11.11","8.69","136","110","79","36","3","8","10","5","5","0","0","9","11","31","14","41","16","3","4","42.86"
"441","Ilya Mikheyev","TOR","R","54","767.31666666667","7","10","6","4","17","68.00","107","6.54","10.76","173","143","113","51","9","9","6","3","3","0","0","10","25","21","49","58","28","2","0","100.00"
"74","Carl Hagelin","WSH","L","56","789.65","6","10","8","2","16","53.33","85","7.06","8.2","129","102","66","45","7","9","19","8","7","1","0","9","16","21","22","38","19","3","10","23.08"
"100","Jakob Silfverberg","ANA","R","47","796.35","8","8","3","5","16","72.73","91","8.79","8.12","172","136","97","31","10","11","18","9","9","0","0","4","16","25","19","62","26","9","13","40.91"
"136","Charlie Coyle","BOS","C","51","830.75","6","10","5","5","16","51.61","79","7.59","6.5","127","107","69","28","2","7","20","10","10","0","0","12","19","28","57","31","24","245","262","48.32"
"209","Mike Matheson","PIT","D","44","820.1","5","11","6","5","16","33.33","86","5.81","3.87","155","111","47","11","9","6","28","14","14","0","0","7","23","22","41","79","40","0","0","-"
"218","Esa Lindell","DAL","D","56","1298.1166666667","5","11","6","5","16","29.63","100","5.00","4.99","184","137","56","10","4","13","19","8","7","1","0","4","42","9","114","111","104","0","0","-"
"260","Zach Sanford","STL","L","52","774.3","10","6","3","3","16","55.17","67","14.93","8.49","125","102","87","46","5","9","25","11","10","1","0","11","11","12","69","67","44","28","40","41.18"
"368","Ryan Lindgren","NYR","D","51","1019.7333333333","1","15","5","10","16","30.77","65","1.54","2.97","129","89","42","10","1","7","35","16","15","1","0","17","25","19","98","118","50","0","0","-"
"423","Philipp Kurashev","CHI","C","53","691.71666666667","8","8","3","5","16","57.14","65","12.31","6.54","104","83","75","34","1","8","12","6","6","0","0","7","15","18","30","72","18","97","141","40.76"
"4","Duncan Keith","CHI","D","53","1237.7166666667","4","11","7","4","15","25.00","107","3.74","4.61","195","131","45","7","2","13","30","14","14","0","0","0","60","28","33","58","90","0","0","-"
"57","Kevin Shattenkirk","ANA","D","55","1166.2666666667","2","13","6","7","15","34.88","93","2.15","4.85","187","125","48","9","3","12","28","14","14","0","0","8","27","14","57","74","58","0","0","-"
"60","Sam Gagner","DET","C","42","648.51666666667","7","8","5","3","15","55.56","88","7.95","9.7","132","112","67","30","3","10","15","6","5","1","0","5","8","7","5","41","14","83","97","46.11"
"93","Derek Grant","ANA","C","46","669.78333333333","6","9","4","5","15","62.50","66","9.09","6.04","122","97","58","31","4","3","25","11","10","1","0","6","12","9","65","34","40","289","277","51.06"
"126","Nic Dowd","WSH","C","56","806.28333333333","11","4","2","2","15","55.56","68","16.18","9.55","110","97","79","37","3","5","31","14","13","1","0","7","15","38","109","85","40","432","336","56.25"
"173","Scott Mayfield","NYI","D","56","1090.75","2","13","7","6","15","37.50","79","2.53","2.99","166","105","34","4","5","7","38","14","13","0","1","4","37","6","76","61","108","0","0","-"
"192","Connor Murphy","CHI","D","49","1086.45","3","12","5","7","15","34.88","76","3.95","2.33","155","97","28","3","2","5","35","8","5","1","2","14","35","10","102","153","120","0","0","-"
"200","Luke Glendening","DET","C","54","799.43333333333","6","9","5","4","15","51.72","67","8.96","7.13","110","92","65","37","6","5","20","10","10","0","0","7","7","10","68","66","57","523","336","60.88"
"227","Jaccob Slavin","CAR","D","52","1195.0833333333","3","12","5","7","15","22.39","101","2.97","5.03","215","149","59","13","5","22","2","1","1","0","0","3","30","24","35","86","87","0","0","-"
"236","Nate Schmidt","VAN","D","54","1085.55","5","10","8","2","15","38.46","76","6.58","3.46","159","106","42","6","1","9","4","2","2","0","0","1","68","18","15","53","72","0","0","-"
"252","Ryan Graves","COL","D","54","1029.0166666667","2","13","6","7","15","34.09","101","1.98","3.69","226","144","47","12","5","13","55","18","15","1","2","3","24","18","77","62","91","0","0","-"
"255","Jason Dickinson","DAL","C","51","825.9","7","8","4","4","15","57.69","66","10.61","6.21","126","93","75","29","2","4","18","9","9","0","0","15","17","28","78","65","49","137","159","46.28"
"294","Travis Sanheim","PHI","D","55","1203.75","3","12","5","7","15","35.71","100","3.00","5.12","196","136","55","14","3","13","23","10","9","1","0","11","40","17","48","80","73","0","0","-"
"317","Noah Hanifin","CGY","D","47","940.45","4","11","7","4","15","41.67","89","4.49","4.46","206","139","62","11","6","11","18","9","9","0","0","6","37","19","28","57","40","0","0","-"
"340","Nicolas Roy","VGK","C","50","650.86666666667","6","9","5","4","15","50.00","52","11.54","5.94","93","76","71","33","1","10","14","7","7","0","0","12","12","26","50","39","23","142","175","44.79"
"387","Michael McLeod","N.J","C","52","718.28333333333","9","6","3","3","15","71.43","60","15.00","6.47","104","84","70","38","4","5","40","13","9","4","0","9","23","25","89","69","20","326","307","51.50"
"395","Zach Aston-Reese","PIT","C, L","45","658.03333333333","9","6","1","5","15","60.00","79","11.39","7.6","119","97","69","38","9","8","15","6","5","1","0","4","16","14","95","64","24","7","11","38.89"
"412","Alexandre Texier","CBJ","C","49","776.13333333333","4","11","6","5","15","53.57","75","5.33","6.18","141","104","73","30","1","6","22","11","11","0","0","10","13","24","49","37","19","128","228","35.96"
"434","Dominik Kahun","EDM","C","48","615.36666666667","9","6","4","2","15","62.50","69","13.04","6.97","112","92","76","34","1","4","2","1","1","0","0","4","16","11","13","28","12","16","14","53.33"
"20","Blake Comeau","DAL","L","51","802.75","4","10","6","4","14","70.00","76","5.26","7.62","134","99","77","31","8","13","37","13","11","1","1","10","17","21","106","43","18","53","57","48.18"
"92","TJ Brodie","TOR","D","56","1207.2166666667","1","13","4","9","14","21.88","48","2.08","2.07","110","72","23","4","0","2","12","5","5","0","0","7","51","22","34","108","84","0","0","-"
"117","Brian Dumoulin","PIT","D","41","916.78333333333","4","10","3","7","14","30.43","50","8.00","2.13","104","69","24","4","1","6","12","6","6","0","0","8","18","24","63","96","55","0","0","-"
"121","Casey Cizikas","NYI","C","56","774.48333333333","7","7","5","2","14","66.67","72","9.72","7.87","112","91","77","48","7","5","27","12","11","1","0","15","16","12","112","87","25","340","299","53.21"
"125","Nick Jensen","WSH","D","53","917.26666666667","2","12","6","6","14","41.18","60","3.33","1.78","107","76","23","3","2","6","14","7","7","0","0","5","29","15","56","122","65","0","0","-"
"134","Johan Larsson","ARI","L","52","726.91666666667","8","6","2","4","14","77.78","58","13.79","6.51","106","85","58","36","2","6","22","8","6","2","0","17","6","22","77","78","34","296","313","48.60"
"147","Jeff Skinner","BUF","L","53","769.7","7","7","4","3","14","51.85","111","6.31","10.78","189","153","109","61","1","9","14","7","7","0","0","19","30","30","20","36","12","28","32","46.67"
"189","Jamie Oleksiak","DAL","D","56","1146.7333333333","6","8","3","5","14","43.75","84","7.14","4.29","145","109","45","15","4","12","35","13","10","3","0","9","41","17","148","91","88","0","0","-"
"191","Joel Armia","MTL","R","41","602.96666666667","7","7","5","2","14","42.42","73","9.59","5.69","123","93","70","25","5","4","10","4","4","0","0","9","18","18","86","33","13","6","16","27.27"
"202","Ryan Murray","N.J","D","48","893.46666666667","0","14","4","10","14","36.84","29","0.00","1.31","67","45","17","4","2","2","8","3","3","0","0","0","22","11","38","54","73","0","0","-"
"215","Radek Faksa","DAL","C","55","958.68333333333","6","8","4","4","14","53.85","94","6.38","8.46","144","116","84","49","4","15","30","14","14","0","0","5","21","18","100","80","45","424","336","55.79"
"221","Adam Pelech","NYI","D","56","1178.35","4","10","5","5","14","27.45","82","4.88","4.07","180","123","47","10","1","9","18","9","9","0","0","6","46","25","66","92","73","0","0","-"
"225","Colton Sissons","NSH","C","53","760.5","7","7","4","3","14","56.00","57","12.28","5.23","93","77","57","37","2","4","18","9","9","0","0","4","9","15","72","22","27","315","269","53.94"
"309","Danton Heinen","ANA","L","43","634.86666666667","7","7","6","1","14","73.68","76","9.21","7.73","139","104","92","33","5","6","0","0","0","0","0","6","10","23","32","27","30","1","6","14.29"
"311","Oskar Lindblom","PHI","L","50","659.08333333333","8","6","4","2","14","66.67","58","13.79","6.74","102","85","57","21","1","9","9","3","2","1","0","4","9","10","43","49","24","3","2","60.00"
"350","Jake DeBrusk","BOS","L","41","610.46666666667","5","9","5","4","14","70.00","92","5.43","9.02","127","108","86","35","5","9","6","3","3","0","0","8","10","24","33","47","20","6","9","40.00"
"364","Kevin Rooney","NYR","C","54","667.1","8","6","3","3","14","63.64","62","12.90","6.24","91","77","59","32","6","5","54","13","7","4","2","13","13","11","110","71","35","197","241","44.98"
"432","Noah Dobson","NYI","D","46","754.11666666667","3","11","6","5","14","43.75","70","4.29","2.98","143","95","37","2","0","11","8","4","4","0","0","6","23","13","40","88","59","0","0","-"
"445","Artem Zub","OTT","D","47","863.96666666667","3","11","6","5","14","31.82","39","7.69","1.52","85","55","27","4","1","2","26","13","13","0","0","5","36","8","89","100","70","0","0","-"
"5","Eric Staal","BUF, MTL","C","53","780.16666666667","5","8","4","4","13","76.47","82","6.10","8.78","145","111","87","41","3","11","10","5","5","0","0","2","24","17","23","36","15","268","279","48.99"
"84","Michael Del Zotto","CBJ","D","53","947.98333333333","4","9","3","6","13","29.55","77","5.19","3.52","126","94","34","13","3","9","8","4","4","0","0","1","28","9","125","40","54","0","0","-"
"146","Riley Sheahan","BUF","C","53","705","4","9","7","2","13","59.09","44","9.09","3.48","69","54","34","18","0","2","8","4","4","0","0","7","9","11","17","27","15","256","247","50.89"
"163","Josh Archibald","EDM","R","52","704.31666666667","7","6","4","2","13","48.15","62","11.29","8.02","103","86","57","33","3","6","37","12","10","1","1","8","15","14","192","66","35","4","4","50.00"
"177","Joel Edmundson","MTL","D","55","1102.6","3","10","3","7","13","23.64","77","3.90","3.62","180","119","43","6","6","8","23","10","9","1","0","8","69","6","98","78","75","0","0","-"
"259","Artturi Lehkonen","MTL","L","47","630.91666666667","7","6","2","4","13","81.25","78","8.97","6.29","128","100","81","38","5","6","6","3","3","0","0","8","13","3","85","64","23","5","8","38.46"
"277","Curtis Lazar","BOS, BUF","C","50","666.18333333333","7","6","3","3","13","81.25","55","12.73","7.45","91","79","71","36","4","10","6","3","3","0","0","7","7","18","99","62","22","160","175","47.76"
"345","Lawson Crouse","ARI","L","51","728.88333333333","4","9","8","1","13","59.09","70","5.71","8.81","135","112","88","41","8","8","46","12","8","2","2","13","11","20","155","44","30","20","23","46.51"
"352","John Marino","PIT","D","52","1078.15","3","10","5","5","13","26.00","56","5.36","2.33","106","79","26","4","1","5","8","4","4","0","0","5","21","29","48","94","50","0","0","-"
"64","Brandon Sutter","VAN","C","43","648.35","9","3","2","1","12","60.00","65","13.85","7.29","94","85","48","26","8","3","2","1","1","0","0","9","14","23","18","46","28","276","221","55.53"
"69","Ryan McDonagh","T.B","D","50","1094.7666666667","4","8","5","3","12","26.09","85","4.71","5.25","160","114","49","13","6","9","14","7","7","0","0","3","20","10","69","44","96","0","0","-"
"129","Christopher Tanev","CGY","D","56","1216.9333333333","2","10","2","8","12","28.57","66","3.03","2.14","122","87","18","4","2","4","6","3","3","0","0","6","57","23","33","111","107","0","0","-"
"142","Derek Forbort","WPG","D","56","1161.15","2","10","4","6","12","25.53","67","2.99","1.91","174","101","36","3","3","10","35","12","10","1","1","2","54","19","80","111","115","0","0","-"
"196","Colin Miller","BUF","D","48","864","4","8","3","5","12","44.44","64","6.25","2.38","139","96","16","2","0","5","27","12","11","1","0","11","25","14","91","53","51","0","0","-"
"213","Jacob Trouba","NYR","D","38","816.66666666667","2","10","5","5","12","34.29","70","2.86","3.71","156","99","45","11","4","12","22","11","11","0","0","7","24","17","111","52","84","0","0","-"
"217","Colton Parayko","STL","D","32","682.6","2","10","5","5","12","48.00","60","3.33","2.04","117","80","24","3","2","7","14","7","7","0","0","3","23","13","35","68","64","0","0","-"
"235","Danny DeKeyser","DET","D","47","850.68333333333","4","8","3","5","12","35.29","43","9.30","1.58","92","64","24","1","0","1","18","9","9","0","0","2","20","1","44","73","81","0","0","-"
"360","Vladislav Gavrikov","CBJ","D","55","1067.0666666667","2","10","4","6","12","35.29","48","4.17","2.17","102","67","25","5","4","3","14","7","7","0","0","2","17","17","69","60","77","0","0","-"
"377","Sam Steel","ANA","C","42","609.76666666667","6","6","3","3","12","63.16","42","14.29","4.85","70","54","47","25","0","4","8","4","4","0","0","5","13","10","41","44","19","237","212","52.78"
"380","Dante Fabbro","NSH","D","40","772.6","2","10","5","5","12","46.15","59","3.39","1.92","101","74","13","3","1","3","23","10","9","1","0","5","26","8","32","67","57","0","0","-"
"384","Jake Bean","CAR","D","42","610.58333333333","1","11","6","5","12","54.55","55","1.82","2.93","116","81","29","4","2","11","10","5","5","0","0","4","18","11","17","49","21","0","0","-"
"393","Dylan Gambrell","S.J","C","49","785.4","5","7","2","5","12","54.55","48","10.42","5.9","97","78","69","31","4","3","13","5","4","1","0","8","13","9","77","67","54","279","358","43.80"
"414","David Kampf","CHI","C","55","804.36666666667","1","11","6","5","12","54.55","62","1.61","6.44","100","80","63","31","5","8","20","10","10","0","0","12","8","29","43","81","14","401","356","52.97"
"420","Zach Whitecloud","VGK","D","51","908.68333333333","2","10","4","6","12","40.00","54","3.70","3.26","127","88","37","10","3","9","24","12","12","0","0","7","14","9","85","147","75","0","0","-"
"427","K'Andre Miller","NYR","D","53","1118.8166666667","5","7","2","5","12","22.64","62","8.06","2.76","136","89","31","6","2","10","20","9","9","0","0","6","45","33","93","47","77","0","0","-"
"31","Andrew Cogliano","DAL","C","54","752.01666666667","5","6","4","2","11","57.89","88","5.68","7.41","156","119","87","37","7","7","24","9","7","2","0","14","10","12","79","54","24","4","11","26.67"
"44","Cal Clutterbuck","NYI","R","50","671.56666666667","4","7","6","1","11","52.38","50","8.00","6.11","93","73","64","24","5","2","10","5","5","0","0","6","12","18","191","74","23","0","1","0.00"
"128","Radko Gudas","FLA","D","54","948.75","2","9","2","7","11","26.83","84","2.38","3.28","167","114","28","2","3","6","40","14","10","4","0","15","33","14","250","99","72","0","0","-"
"139","Tyler Pitlick","ARI","C","38","621.81666666667","6","5","4","1","11","45.83","56","10.71","7.75","126","94","73","38","3","9","16","8","8","0","0","6","5","15","81","57","41","6","9","40.00"
"238","Andreas Johnsson","N.J","L","50","696.7","5","6","4","2","11","36.67","65","7.69","6.63","104","87","75","30","1","5","12","6","6","0","0","8","13","23","39","51","17","11","17","39.29"
"280","Jordan Oesterle","ARI","D","43","769.75","1","10","5","5","11","29.73","38","2.63","2.2","86","61","27","4","4","6","10","5","5","0","0","1","21","2","45","78","64","1","0","100.00"
"282","Pierre-Edouard Bellemare","COL","C","53","600.31666666667","9","2","0","2","11","64.71","60","15.00","7.26","101","80","56","24","5","9","21","9","8","1","0","5","11","17","26","32","36","260","168","60.75"
"312","Anders Bjork","BOS, BUF","L","45","624.68333333333","5","6","4","2","11","57.89","41","12.20","3.82","83","62","47","18","6","3","14","7","7","0","0","5","13","25","48","50","13","0","1","0.00"
"331","Christian Fischer","ARI","R","52","662.96666666667","3","8","4","4","11","50.00","47","6.38","5.55","85","67","51","28","4","10","6","3","3","0","0","7","11","7","148","53","27","12","12","50.00"
"355","Noel Acciari","FLA","C","41","631.13333333333","4","7","7","0","11","47.83","68","5.88","7.79","102","85","67","40","7","12","9","3","2","1","0","10","11","17","91","69","63","272","247","52.41"
"363","Philippe Myers","PHI","D","44","830.43333333333","1","10","5","5","11","31.43","77","1.30","2.91","168","109","41","3","2","13","22","11","11","0","0","5","27","19","69","50","40","0","0","-"
"378","Max Jones","ANA","L","46","651.56666666667","7","4","1","3","11","47.83","77","9.09","8.21","133","105","87","48","3","11","36","15","13","2","0","19","10","20","100","45","11","5","5","50.00"
"389","Troy Stecher","DET","D","44","761.9","3","8","2","6","11","39.29","55","5.45","1.85","129","82","30","4","2","2","12","6","6","0","0","4","29","9","33","70","46","0","0","-"
"397","Juuso Valimaki","CGY","D","49","756.26666666667","2","9","5","4","11","34.38","72","2.78","2.54","146","98","33","4","2","10","26","13","13","0","0","5","28","9","28","71","60","0","0","-"
"401","Mikey Anderson","L.A","D","54","1143.4833333333","1","10","4","6","11","29.73","52","1.92","1.8","110","74","24","4","0","6","30","15","15","0","0","6","34","14","66","121","74","0","0","-"
"1","Zdeno Chara","WSH","D","55","1007.7166666667","2","8","4","4","10","23.26","67","2.99","2.03","148","97","33","0","2","7","44","14","11","2","1","6","32","14","88","33","67","0","0","-"
"29","Marc Staal","DET","D","56","1030.9333333333","3","7","4","3","10","27.78","53","5.66","2.93","99","72","31","6","1","5","20","10","10","0","0","5","36","9","58","44","45","0","0","-"
"63","Brendan Smith","NYR","D","48","788.83333333333","5","5","3","2","10","24.39","58","8.62","2.76","114","78","25","6","2","4","73","25","19","5","1","25","26","7","84","74","41","0","0","-"
"89","Travis Hamonic","VAN","D","38","735.95","3","7","3","4","10","41.67","79","3.80","2.56","151","101","30","4","1","8","39","11","7","3","1","4","19","10","48","66","81","0","1","0.00"
"108","Calvin de Haan","CHI","D","43","815.31666666667","1","9","4","5","10","38.46","57","1.75","1.98","131","84","24","5","0","11","14","7","7","0","0","7","36","15","98","54","84","0","0","-"
"137","Patrik Nemeth","COL, DET","D","52","936.56666666667","3","7","3","4","10","29.41","53","5.66","1.33","103","71","22","0","1","5","20","10","10","0","0","2","18","2","87","91","67","0","0","-"
"182","Adam Larsson","EDM","D","56","1100.25","4","6","2","4","10","29.41","52","7.69","3.02","130","92","31","4","5","5","24","12","12","0","0","4","42","12","166","88","128","1","0","100.00"
"205","Brady Skjei","CAR","D","52","1078.0833333333","3","7","2","5","10","28.57","104","2.88","4.14","179","136","40","6","2","13","30","15","15","0","0","6","42","21","66","91","62","0","0","-"
"222","Jimmy Vesey","TOR, VAN","L","50","635.41666666667","5","5","4","1","10","52.63","58","8.62","6.56","93","81","65","30","6","2","10","5","5","0","0","9","10","12","38","36","19","3","9","25.00"
"362","Matt Roy","L.A","D","44","847.18333333333","2","8","1","7","10","34.48","57","3.51","2.38","146","91","28","7","4","7","8","4","4","0","0","6","25","4","61","81","67","0","0","-"
"442","Nikolai Knyzhov","S.J","D","56","937.56666666667","2","8","3","5","10","30.30","51","3.92","1.55","97","63","20","3","2","3","39","17","16","1","0","4","13","18","84","82","54","0","0","-"
"3","Patrick Marleau","S.J","C","56","743.83333333333","4","5","2","3","9","36.00","54","7.41","6.78","97","82","69","39","5","8","10","5","5","0","0","2","8","22","40","36","19","141","159","47.00"
"34","Kris Russell","EDM","D","35","643.71666666667","0","9","4","5","9","52.94","41","0.00","1.8","88","55","17","6","2","6","8","4","4","0","0","4","29","8","41","64","75","0","0","-"
"38","Anton Stralman","FLA","D","38","720.08333333333","3","6","2","4","9","31.03","38","7.89","1.74","80","55","17","5","2","3","8","4","4","0","0","4","20","13","37","55","30","0","0","-"
"90","Marco Scandella","STL","D","49","977.46666666667","3","6","1","5","9","20.45","55","5.45","1.99","113","64","30","7","3","5","24","12","12","0","0","4","29","19","60","66","64","0","0","-"
"164","Dylan DeMelo","WPG","D","52","882.48333333333","0","9","5","4","9","23.68","44","0.00","1.56","89","63","22","4","2","7","20","10","10","0","0","3","48","9","76","89","58","0","0","-"
"166","Sean Kuraly","BOS","C","47","661.33333333333","4","5","3","2","9","56.25","88","4.55","6.22","133","110","74","27","5","3","20","10","10","0","0","9","13","24","99","57","21","229","170","57.39"
"301","Marcus Pettersson","PIT","D","47","774.8","2","7","3","4","9","29.03","46","4.35","1.79","94","68","23","3","2","7","22","11","11","0","0","2","12","10","51","126","39","0","0","-"
"327","Jakub Zboril","BOS","D","42","716.21666666667","0","9","4","5","9","40.91","35","0.00","1.15","82","51","24","1","3","3","18","9","9","0","0","8","14","6","63","86","33","0","0","-"
"396","Nolan Patrick","PHI","C","52","690.43333333333","4","5","2","3","9","36.00","49","8.16","5.79","104","79","65","30","2","6","20","10","10","0","0","9","17","11","45","61","18","226","204","52.56"
"416","Jacob Bryson","BUF","D","38","723.73333333333","1","8","4","4","9","26.47","24","4.17","1.12","65","42","15","1","1","2","12","6","6","0","0","4","17","2","32","51","43","0","0","-"
"426","Isac Lundestrom","ANA","C","41","624.95","6","3","2","1","9","50.00","52","11.54","4.6","88","72","56","29","2","5","14","7","7","0","0","1","13","18","16","45","19","189","209","47.49"
"25","Alexander Edler","VAN","D","52","1087.1333333333","0","8","5","3","8","19.05","99","0.00","2.37","177","132","24","1","1","14","58","22","19","2","1","9","26","13","80","113","118","0","0","-"
"37","Darren Helm","DET","L","47","689.85","3","5","2","3","8","44.44","83","3.61","6.99","130","97","67","17","4","7","10","5","5","0","0","11","10","13","39","63","20","6","3","66.67"
"55","Ian Cole","COL, MIN","D","54","857.45","1","7","3","4","8","17.02","30","3.33","0.91","57","43","7","1","2","7","32","16","16","0","0","2","24","10","38","49","94","0","0","-"
"112","Brayden McNabb","VGK","D","41","791.25","2","6","1","5","8","23.53","39","5.13","2.2","108","64","43","7","6","7","16","8","8","0","0","6","13","8","98","66","76","0","0","-"
"229","Brett Kulak","MTL","D","46","740.95","2","6","4","2","8","30.77","57","3.51","1.9","113","72","28","8","2","5","20","10","10","0","0","4","33","8","28","85","54","0","0","-"
"337","Ethan Bear","EDM","D","43","772.35","2","6","2","4","8","27.59","53","3.77","1.98","100","69","21","2","1","7","14","7","7","0","0","8","41","13","31","78","55","0","0","-"
"342","Jeremy Lauzon","BOS","D","41","767.13333333333","1","7","5","2","8","25.00","48","2.08","1.51","98","65","18","3","3","2","40","13","10","2","1","9","20","7","98","80","53","0","0","-"
"407","Henri Jokiharju","BUF","D","46","845.5","3","5","3","2","8","28.57","50","6.00","1.96","109","76","27","1","2","5","4","2","2","0","0","2","12","9","47","52","53","0","0","-"
"123","Ben Chiarot","MTL","D","41","893.28333333333","1","6","4","2","7","28.00","81","1.23","2.85","157","111","40","4","2","6","50","18","14","4","0","7","51","9","77","84","60","0","0","-"
"241","Connor Clifton","BOS","D","44","801.35","1","6","2","4","7","22.58","48","2.08","1.74","103","72","20","3","5","6","38","14","12","2","0","7","15","13","108","113","52","0","0","-"
"276","Nikita Zadorov","CHI","D","54","1039.75","1","6","2","4","7","21.88","52","1.92","2.17","119","73","30","2","3","6","36","15","13","2","0","7","40","16","187","90","73","0","0","-"
"347","Jacob Larsson","ANA","D","46","799.8","1","6","2","4","7","29.17","42","2.38","1.45","104","70","13","0","1","6","14","7","7","0","0","0","24","4","37","72","59","0","0","-"
"32","Marc-Edouard Vlasic","S.J","D","51","892.98333333333","1","5","2","3","6","20.69","37","2.70","1.39","87","62","15","4","2","4","8","4","4","0","0","2","15","10","40","51","64","0","0","-"
"56","Justin Braun","PHI","D","53","982.06666666667","1","5","1","4","6","16.67","59","1.69","1.86","119","82","22","4","2","7","18","9","9","0","0","2","31","7","78","60","73","0","0","-"
"119","Sami Vatanen","DAL, N.J","D","39","663.6","2","4","4","0","6","24.00","55","3.64","1.84","102","69","19","3","3","4","20","9","9","0","0","2","21","8","27","35","49","0","0","-"
"122","David Savard","CBJ, T.B","D","54","1071.6833333333","1","5","0","5","6","24.00","69","1.45","3.2","124","92","32","7","3","2","24","12","12","0","0","5","24","7","132","79","109","0","0","-"
"324","Travis Dermott","TOR","D","51","674.41666666667","2","4","1","3","6","28.57","36","5.56","1.47","81","53","20","3","3","2","19","8","7","1","0","4","27","4","44","80","35","0","0","-"
"436","Alexander Romanov","MTL","D","54","931.83333333333","1","5","3","2","6","15.38","71","1.41","2.81","191","113","47","2","1","8","21","9","8","1","0","8","49","8","138","148","60","0","0","-"
"24","Andrej Sekera","DAL","D","46","719.43333333333","3","2","1","1","5","16.13","33","9.09","1.46","76","45","14","3","1","7","4","2","2","0","0","1","20","8","47","53","62","0","0","-"
"36","Niklas Hjalmarsson","ARI","D","41","711.78333333333","0","5","4","1","5","33.33","29","0.00","1.16","67","48","10","0","0","5","18","9","9","0","0","3","28","10","15","36","69","0","0","-"
"40","Andy Greene","NYI","D","55","967.03333333333","1","4","2","2","5","15.15","50","2.00","2.19","125","78","19","6","1","4","6","3","3","0","0","1","19","6","41","75","99","0","0","-"
"138","Jon Merrill","DET, MTL","D","49","894.56666666667","0","5","4","1","5","18.52","41","0.00","1.61","92","63","17","2","2","6","16","8","8","0","0","4","31","7","34","80","70","0","0","-"
"233","Ben Hutton","ANA, TOR","D","38","701.25","1","4","1","3","5","29.41","54","1.85","2.26","101","68","21","7","1","4","11","4","3","1","0","3","22","8","44","62","39","0","0","-"
"76","Jason Demers","ARI","D","41","706.76666666667","0","4","2","2","4","19.05","44","0.00","1.87","95","63","21","4","2","8","26","12","12","0","0","2","14","10","69","54","30","0","0","-"
"80","Zach Bogosian","TOR","D","45","654.16666666667","0","4","2","2","4","14.81","36","0.00","1.57","85","59","18","3","1","3","49","15","12","1","2","4","19","7","67","36","31","0","0","-"
"109","Dmitry Kulikov","EDM, N.J","D","48","920.05","0","4","1","3","4","13.33","51","0.00","1.97","110","71","27","6","3","7","28","14","14","0","0","2","31","8","93","79","49","0","0","-"
"149","Erik Gudbranson","NSH, OTT","D","44","786.83333333333","1","3","1","2","4","16.67","57","1.75","1.47","120","76","22","1","2","7","57","19","15","3","1","14","32","6","105","83","63","0","0","-"
"156","Jani Hakanpaa","ANA, CAR","D","57","1027.2","2","2","2","0","4","10.26","54","3.70","2.81","122","80","28","6","6","7","35","16","15","1","0","5","36","3","215","123","83","0","0","-"
"162","Nikita Nesterov","CGY","D","38","603.51666666667","0","4","2","2","4","20.00","33","0.00","1.32","91","62","16","1","0","4","20","10","10","0","0","2","25","7","41","24","29","0","0","-"
"208","Olli Maatta","L.A","D","41","673.9","0","4","1","3","4","14.81","43","0.00","1.88","78","65","20","6","1","2","6","3","3","0","0","5","23","4","41","84","53","0","0","-"
"231","Matthew Benning","NSH","D","52","848.6","1","3","0","3","4","16.67","43","2.33","1.24","97","64","12","1","1","6","30","11","10","0","1","10","27","3","53","73","52","0","0","-"
"287","Haydn Fleury","ANA, CAR","D","47","723.68333333333","3","1","0","1","4","25.00","62","4.84","2.33","126","86","28","4","1","5","8","4","4","0","0","3","27","7","63","75","55","0","0","-"
"370","Libor Hajek","NYR","D","44","671.93333333333","2","2","1","1","4","17.39","33","6.06","1.45","56","46","11","2","1","1","10","5","5","0","0","5","17","5","26","76","48","0","0","-"
"435","Ilya Lyubushkin","ARI","D","42","658.78333333333","1","1","1","0","2","12.50","36","2.78","1.15","72","51","12","1","0","4","10","5","5","0","0","5","13","8","103","73","72","0","0","-"
"240","Tucker Poolman","WPG","D","39","714.01666666667","0","1","1","0","1","5.26","50","0.00","1.78","97","70","24","7","1","4","2","1","1","0","0","6","34","8","69","61","49","0","0","-"